{
  "id": "pf2e-mousetrap-ui-modifier-v2",
  "title": "PF2e Mousetrap UI Modifier V2",
  "description": "GM-only audit log for PF2e with spellbook, prep tracking, currency, items, conditions, and focus.",
  "version": "2.1.0",
  "authors": [
    {
      "name": "Victor Radcliffe"
    }
  ],
  "compatibility": {
    "minimum": "11",
    "verified": "13"
  },
  "systems": ["pf2e"],

  "scripts": ["scripts/mousetrap.js"],

  "url": "https://github.com/victorradcliffe6/PF2e-Mousetrap-UI-Modifier-V2.1",
  "manifest": "https://raw.githubusercontent.com/victorradcliffe6/PF2e-Mousetrap-UI-Modifier-V2.1/main/module.json",
  "download": "https://github.com/victorradcliffe6/PF2e-Mousetrap-UI-Modifier-V2.1/releases/latest/download/PF2e-Mousetrap-UI-Modifier-V2.1.zip"
}
